<?xml version="1.0" encoding="UTF-8"?>
<project-private xmlns="http://www.netbeans.org/ns/project-private/1">
    <editor-bookmarks xmlns="http://www.netbeans.org/ns/editor-bookmarks/2" lastBookmarkId="0"/>
    <open-files xmlns="http://www.netbeans.org/ns/projectui-open-files/2">
        <group>
            <file>file:/C:/Users/jaafr/Desktop/Nouveau%20dossier/gestionOffre/src/gestionoffre/main.java</file>
            <file>file:/C:/Users/jaafr/Desktop/Nouveau%20dossier/gestionOffre/src/gestionoffre/offre.java</file>
            <file>file:/C:/Users/jaafr/Desktop/Nouveau%20dossier/gestionOffre/src/gestionoffre/user.java</file>
            <file>file:/C:/Users/jaafr/Desktop/Nouveau%20dossier/gestionOffre/src/gestionoffre/servicereservation.java</file>
            <file>file:/C:/Users/jaafr/Desktop/Nouveau%20dossier/gestionOffre/src/offre/gui/OffreController.java</file>
            <file>file:/C:/Users/jaafr/Desktop/Nouveau%20dossier/gestionOffre/src/gestionoffre/reservation.java</file>
            <file>file:/C:/Users/jaafr/Desktop/Nouveau%20dossier/gestionOffre/src/offre/gui/offre.fxml</file>
            <file>file:/C:/Users/jaafr/Desktop/Nouveau%20dossier/gestionOffre/src/gestionoffre/serviceoffre.java</file>
            <file>file:/C:/Users/jaafr/Desktop/Nouveau%20dossier/gestionOffre/src/gestionoffre/typeoffre.java</file>
            <file>file:/C:/Users/jaafr/Desktop/Nouveau%20dossier/gestionOffre/src/gestionoffre/Iserviceoffre.java</file>
        </group>
    </open-files>
</project-private>
